qid,measure,value
aops_1959_IMO_Problems/Problem_1,nDCG@10,0.0
aops_1959_IMO_Problems/Problem_1,R@100,0.0
aops_1971_AHSME_Problems/Problem_26,nDCG@10,0.0761433407173835
aops_1971_AHSME_Problems/Problem_26,R@100,0.25
aops_1971_Canadian_MO_Problems/Problem_1,nDCG@10,0.27487633291429087
aops_1971_Canadian_MO_Problems/Problem_1,R@100,0.14285714285714285
aops_1981_IMO_Problems/Problem_3,nDCG@10,0.0
aops_1981_IMO_Problems/Problem_3,R@100,0.0
aops_1985_AIME_Problems/Problem_6,nDCG@10,0.0
aops_1985_AIME_Problems/Problem_6,R@100,0.125
aops_1987_IMO_Problems/Problem_1,nDCG@10,0.0
aops_1987_IMO_Problems/Problem_1,R@100,0.0
aops_1988_AIME_Problems/Problem_12,nDCG@10,0.2529427027676571
aops_1988_AIME_Problems/Problem_12,R@100,0.25
aops_1990_AIME_Problems/Problem_9,nDCG@10,0.0
aops_1990_AIME_Problems/Problem_9,R@100,0.0
aops_1994_AIME_Problems/Problem_9,nDCG@10,0.0
aops_1994_AIME_Problems/Problem_9,R@100,0.0
aops_1998_AIME_Problems/Problem_2,nDCG@10,0.0
aops_1998_AIME_Problems/Problem_2,R@100,0.0
aops_2000_AIME_I_Problems/Problem_9,nDCG@10,0.0
aops_2000_AIME_I_Problems/Problem_9,R@100,0.0
aops_2000_AMC_12_Problems/Problem_14,nDCG@10,0.46927872602275644
aops_2000_AMC_12_Problems/Problem_14,R@100,0.6666666666666666
aops_2000_AMC_12_Problems/Problem_4,nDCG@10,0.0
aops_2000_AMC_12_Problems/Problem_4,R@100,0.0
aops_2001_AMC_10_Problems/Problem_19,nDCG@10,0.15958907712489634
aops_2001_AMC_10_Problems/Problem_19,R@100,0.5
aops_2002_AIME_I_Problems/Problem_10,nDCG@10,0.0
aops_2002_AIME_I_Problems/Problem_10,R@100,0.3333333333333333
aops_2002_AIME_I_Problems/Problem_6,nDCG@10,0.0
aops_2002_AIME_I_Problems/Problem_6,R@100,0.0
aops_2004_AIME_I_Problems/Problem_10,nDCG@10,0.0
aops_2004_AIME_I_Problems/Problem_10,R@100,0.0
aops_2005_AMC_12A_Problems/Problem_18,nDCG@10,0.0
aops_2005_AMC_12A_Problems/Problem_18,R@100,0.0
aops_2005_IMO_Problems/Problem_4,nDCG@10,0.0
aops_2005_IMO_Problems/Problem_4,R@100,0.16666666666666666
aops_2005_USAMO_Problems/Problem_2,nDCG@10,0.0
aops_2005_USAMO_Problems/Problem_2,R@100,0.0
aops_2007_AIME_II_Problems/Problem_10,nDCG@10,0.0
aops_2007_AIME_II_Problems/Problem_10,R@100,0.0
aops_2007_AIME_I_Problems/Problem_10,nDCG@10,0.0
aops_2007_AIME_I_Problems/Problem_10,R@100,0.0
aops_2007_iTest_Problems/Problem_6,nDCG@10,0.0
aops_2007_iTest_Problems/Problem_6,R@100,0.0
aops_2008_AMC_12A_Problems/Problem_15,nDCG@10,0.0
aops_2008_AMC_12A_Problems/Problem_15,R@100,0.16666666666666666
aops_2008_AMC_12A_Problems/Problem_16,nDCG@10,0.0
aops_2008_AMC_12A_Problems/Problem_16,R@100,0.3333333333333333
aops_2008_AMC_12B_Problems/Problem_16,nDCG@10,0.0
aops_2008_AMC_12B_Problems/Problem_16,R@100,0.0
aops_2009_AMC_12A_Problems/Problem_17,nDCG@10,0.23463936301137822
aops_2009_AMC_12A_Problems/Problem_17,R@100,0.3333333333333333
aops_2011_AMC_8_Problems/Problem_6,nDCG@10,0.0
aops_2011_AMC_8_Problems/Problem_6,R@100,0.14285714285714285
aops_2013_AMC_12A_Problems/Problem_13,nDCG@10,0.0
aops_2013_AMC_12A_Problems/Problem_13,R@100,0.0
aops_2015_AIME_I_Problems/Problem_4,nDCG@10,0.10086747116627115
aops_2015_AIME_I_Problems/Problem_4,R@100,0.6666666666666666
aops_2015_AMC_10B_Problems/Problem_15,nDCG@10,0.0
aops_2015_AMC_10B_Problems/Problem_15,R@100,0.0
aops_2015_AMC_12A_Problems/Problem_22,nDCG@10,0.0
aops_2015_AMC_12A_Problems/Problem_22,R@100,0.3333333333333333
aops_2016_AIME_II_Problems/Problem_10,nDCG@10,0.5186511804016661
aops_2016_AIME_II_Problems/Problem_10,R@100,0.8571428571428571
aops_2016_AIME_I_Problems/Problem_15,nDCG@10,0.4848845701744174
aops_2016_AIME_I_Problems/Problem_15,R@100,0.42857142857142855
aops_2016_AMC_10A_Problems/Problem_19,nDCG@10,0.15958907712489634
aops_2016_AMC_10A_Problems/Problem_19,R@100,0.125
aops_2016_AMC_10A_Problems/Problem_7,nDCG@10,0.46927872602275644
aops_2016_AMC_10A_Problems/Problem_7,R@100,0.3333333333333333
aops_2017_AIME_II_Problems/Problem_1,nDCG@10,0.0
aops_2017_AIME_II_Problems/Problem_1,R@100,0.0
aops_2017_AIME_II_Problems/Problem_3,nDCG@10,0.0
aops_2017_AIME_II_Problems/Problem_3,R@100,0.0
aops_2017_AMC_10B_Problems/Problem_13,nDCG@10,0.0
aops_2017_AMC_10B_Problems/Problem_13,R@100,0.14285714285714285
aops_2017_AMC_10B_Problems/Problem_14,nDCG@10,0.0
aops_2017_AMC_10B_Problems/Problem_14,R@100,0.0
aops_2018_AMC_10A_Problems/Problem_11,nDCG@10,0.09010000865236768
aops_2018_AMC_10A_Problems/Problem_11,R@100,0.5
aops_2018_AMC_8_Problems/Problem_23,nDCG@10,0.0
aops_2018_AMC_8_Problems/Problem_23,R@100,0.375
aops_2019_AIME_I_Problems/Problem_3,nDCG@10,0.0
aops_2019_AIME_I_Problems/Problem_3,R@100,0.5
aops_2019_AMC_10A_Problems/Problem_12,nDCG@10,0.16716045496620227
aops_2019_AMC_10A_Problems/Problem_12,R@100,0.6666666666666666
aops_2019_AMC_12A_Problems/Problem_17,nDCG@10,0.0
aops_2019_AMC_12A_Problems/Problem_17,R@100,0.0
aops_2019_AMC_8_Problems/Problem_25,nDCG@10,0.2393836156873445
aops_2019_AMC_8_Problems/Problem_25,R@100,0.5
aops_2020_AIME_II_Problems/Problem_9,nDCG@10,0.0
aops_2020_AIME_II_Problems/Problem_9,R@100,0.0
aops_2020_AIME_I_Problems/Problem_15,nDCG@10,0.3540866036435273
aops_2020_AIME_I_Problems/Problem_15,R@100,0.7142857142857143
aops_2020_AMC_10A_Problems/Problem_24,nDCG@10,0.0
aops_2020_AMC_10A_Problems/Problem_24,R@100,0.25
aops_2020_AMC_10B_Problems/Problem_25,nDCG@10,0.15958907712489634
aops_2020_AMC_10B_Problems/Problem_25,R@100,0.5
aops_2020_AMC_8_Problems/Problem_12,nDCG@10,0.0
aops_2020_AMC_8_Problems/Problem_12,R@100,0.0
aops_2021_AIME_II_Problems/Problem_9,nDCG@10,0.0
aops_2021_AIME_II_Problems/Problem_9,R@100,0.25
aops_2021_AIME_I_Problems/Problem_10,nDCG@10,0.0
aops_2021_AIME_I_Problems/Problem_10,R@100,0.0
aops_2021_AIME_I_Problems/Problem_14,nDCG@10,0.0
aops_2021_AIME_I_Problems/Problem_14,R@100,0.0
aops_2021_AMC_12B_Problems/Problem_9,nDCG@10,0.0
aops_2021_AMC_12B_Problems/Problem_9,R@100,0.3333333333333333
aops_2021_Fall_AMC_12A_Problems/Problem_12,nDCG@10,0.0
aops_2021_Fall_AMC_12A_Problems/Problem_12,R@100,0.0
aops_2022_AIME_I_Problems/Problem_11,nDCG@10,0.0
aops_2022_AIME_I_Problems/Problem_11,R@100,0.0
aops_2022_AMC_10B_Problems/Problem_9,nDCG@10,0.0
aops_2022_AMC_10B_Problems/Problem_9,R@100,0.3333333333333333
aops_2023_AIME_II_Problems/Problem_9,nDCG@10,0.5857421563596757
aops_2023_AIME_II_Problems/Problem_9,R@100,0.7142857142857143
aops_2023_AIME_I_Problems/Problem_5,nDCG@10,0.0
aops_2023_AIME_I_Problems/Problem_5,R@100,0.5
aops_2024_AIME_I_Problems/Problem_10,nDCG@10,0.7899917627398735
aops_2024_AIME_I_Problems/Problem_10,R@100,0.8571428571428571
aops_2024_AIME_I_Problems/Problem_13,nDCG@10,0.11706259313796354
aops_2024_AIME_I_Problems/Problem_13,R@100,0.16666666666666666
math_test_algebra_1208,nDCG@10,0.0
math_test_algebra_1208,R@100,0.3333333333333333
math_test_counting_and_probability_1003,nDCG@10,0.0
math_test_counting_and_probability_1003,R@100,0.0
math_test_counting_and_probability_1009,nDCG@10,0.0
math_test_counting_and_probability_1009,R@100,0.125
math_test_counting_and_probability_430,nDCG@10,0.0
math_test_counting_and_probability_430,R@100,0.0
math_test_counting_and_probability_838,nDCG@10,0.0
math_test_counting_and_probability_838,R@100,0.25
math_test_geometry_454,nDCG@10,0.0
math_test_geometry_454,R@100,0.0
math_test_intermediate_algebra_1179,nDCG@10,0.0
math_test_intermediate_algebra_1179,R@100,0.0
math_test_intermediate_algebra_1812,nDCG@10,0.0
math_test_intermediate_algebra_1812,R@100,1.0
math_test_intermediate_algebra_951,nDCG@10,0.0
math_test_intermediate_algebra_951,R@100,0.0
math_test_prealgebra_1987,nDCG@10,0.0
math_test_prealgebra_1987,R@100,0.0
math_train_algebra_2521,nDCG@10,0.0
math_train_algebra_2521,R@100,0.0
math_train_algebra_2826,nDCG@10,0.38364913903790027
math_train_algebra_2826,R@100,1.0
math_train_counting_and_probability_5011,nDCG@10,0.0
math_train_counting_and_probability_5011,R@100,0.0
math_train_counting_and_probability_5024,nDCG@10,0.0
math_train_counting_and_probability_5024,R@100,0.0
math_train_counting_and_probability_5035,nDCG@10,0.0
math_train_counting_and_probability_5035,R@100,0.0
math_train_counting_and_probability_5045,nDCG@10,0.0
math_train_counting_and_probability_5045,R@100,0.0
math_train_counting_and_probability_5047,nDCG@10,0.0
math_train_counting_and_probability_5047,R@100,0.0
math_train_counting_and_probability_5048,nDCG@10,0.0
math_train_counting_and_probability_5048,R@100,0.0
math_train_counting_and_probability_5064,nDCG@10,0.0
math_train_counting_and_probability_5064,R@100,0.0
math_train_counting_and_probability_5111,nDCG@10,0.0
math_train_counting_and_probability_5111,R@100,0.0
math_train_counting_and_probability_5131,nDCG@10,0.0
math_train_counting_and_probability_5131,R@100,0.0
math_train_counting_and_probability_822,nDCG@10,0.0
math_train_counting_and_probability_822,R@100,0.5
math_train_geometry_317,nDCG@10,0.2529427027676571
math_train_geometry_317,R@100,0.125
math_train_geometry_6018,nDCG@10,0.0
math_train_geometry_6018,R@100,0.0
math_train_geometry_6022,nDCG@10,0.0
math_train_geometry_6022,R@100,0.125
math_train_geometry_6051,nDCG@10,0.0
math_train_geometry_6051,R@100,0.0
math_train_geometry_6060,nDCG@10,0.0
math_train_geometry_6060,R@100,0.25
math_train_geometry_6078,nDCG@10,0.0
math_train_geometry_6078,R@100,0.5
math_train_geometry_6092,nDCG@10,0.0
math_train_geometry_6092,R@100,0.42857142857142855
math_train_geometry_6105,nDCG@10,0.0
math_train_geometry_6105,R@100,0.5
math_train_geometry_6112,nDCG@10,0.15130120674940672
math_train_geometry_6112,R@100,0.5
math_train_geometry_6115,nDCG@10,0.12647135138382856
math_train_geometry_6115,R@100,0.375
math_train_geometry_6116,nDCG@10,0.0
math_train_geometry_6116,R@100,0.0
math_train_geometry_6173,nDCG@10,0.0
math_train_geometry_6173,R@100,0.0
math_train_geometry_747,nDCG@10,0.0
math_train_geometry_747,R@100,0.5
math_train_intermediate_algebra_1268,nDCG@10,0.46927872602275644
math_train_intermediate_algebra_1268,R@100,0.6666666666666666
math_train_intermediate_algebra_1822,nDCG@10,0.0
math_train_intermediate_algebra_1822,R@100,0.3333333333333333
math_train_intermediate_algebra_2060,nDCG@10,0.0
math_train_intermediate_algebra_2060,R@100,0.0
math_train_intermediate_algebra_477,nDCG@10,0.0
math_train_intermediate_algebra_477,R@100,0.0
math_train_intermediate_algebra_513,nDCG@10,0.0
math_train_intermediate_algebra_513,R@100,0.0
math_train_intermediate_algebra_659,nDCG@10,0.0
math_train_intermediate_algebra_659,R@100,0.0
math_train_number_theory_7003,nDCG@10,0.0
math_train_number_theory_7003,R@100,0.0
math_train_number_theory_7012,nDCG@10,0.0
math_train_number_theory_7012,R@100,0.0
math_train_number_theory_7016,nDCG@10,0.0
math_train_number_theory_7016,R@100,0.0
math_train_number_theory_7030,nDCG@10,0.0
math_train_number_theory_7030,R@100,0.0
math_train_number_theory_7066,nDCG@10,0.0
math_train_number_theory_7066,R@100,0.0
math_train_number_theory_7078,nDCG@10,0.0
math_train_number_theory_7078,R@100,0.6666666666666666
math_train_number_theory_7095,nDCG@10,0.0
math_train_number_theory_7095,R@100,0.0
math_train_number_theory_839,nDCG@10,0.0
math_train_number_theory_839,R@100,0.0
